Molecule ChEMBL ID,Smiles,pIC50,pIC50_binary
CHEMBL1014,CCOc1nc2cccc(C(=O)OC(C)OC(=O)OC3CCCCC3)c2n1Cc1ccc(-c2ccccc2-c2nn[nH]n2)cc1,6.139997578,1
CHEMBL1017,CCCc1nc2c(C)cc(-c3nc4ccccc4n3C)cc2n1Cc1ccc(-c2ccccc2C(=O)O)cc1,5.729999332,1
CHEMBL1064,CCC(C)(C)C(=O)O[C@H]1C[C@@H](C)C=C2C=C[C@H](C)[C@H](CC[C@@H]3C[C@@H](O)CC(=O)O3)[C@H]21,5.109299602,0
CHEMBL1078052,COC(=O)CC[C@@H](C)[C@H]1CC[C@H]2[C@@H]3[C@H](O)C[C@@H]4C[C@H](O)CC[C@]4(C)[C@H]3C[C@H](O)[C@]12C,5.07999988,0
CHEMBL1136,CC[C@H]1OC(=O)[C@H](C)C(=O)[C@H](C)[C@@H](O[C@@H]2O[C@H](C)C[C@H](N(C)C)[C@H]2O)[C@](C)(OC)C[C@@H](C)C(=O)[C@H](C)[C@H]2N(CCCCn3cnc(-c4cccnc4)c3)C(=O)O[C@]12C,5.459999813,0
CHEMBL1144,CC[C@H](C)C(=O)O[C@H]1C[C@H](O)C=C2C=C[C@H](C)[C@H](CC[C@@H](O)C[C@@H](O)CC(=O)O)[C@H]21,5.443697499,0
CHEMBL1161,C[C@@H]1C[C@H]2[C@@H]3CCC4=CC(=O)C=C[C@]4(C)[C@@]3(Cl)[C@@H](O)C[C@]2(C)[C@@]1(OC(=O)c1ccco1)C(=O)CCl,5.529999886,0
CHEMBL1163,COC(=O)N[C@H](C(=O)N[C@@H](Cc1ccccc1)[C@@H](O)CN(Cc1ccc(-c2ccccn2)cc1)NC(=O)[C@@H](NC(=O)OC)C(C)(C)C)C(C)(C)C,5.853871964,1
CHEMBL1171146,C[C@H]1CC[C@@]2(OC1)O[C@H]1C[C@H]3[C@@H]4CC[C@@H]5C[C@@H](O)CC[C@]5(C)[C@H]4CC[C@]3(C)[C@H]1[C@@H]2C,6.610001577,1
CHEMBL1200688,CCOC(=O)CCC(=O)O[C@H]1[C@H](O[C@@H]2[C@@H](C)[C@H](O[C@H]3C[C@@](C)(OC)[C@@H](O)[C@H](C)O3)[C@@H](C)C(=O)O[C@H](CC)[C@@](C)(O)[C@H](O)[C@@H](C)C(=O)[C@H](C)C[C@@]2(C)O)O[C@H](C)C[C@@H]1N(C)C,5.520000247,0
CHEMBL1200692,CCCc1nc(C(C)(C)O)c(C(=O)OCc2oc(=O)oc2C)n1Cc1ccc(-c2ccccc2-c2nnn[nH]2)cc1,6.009998765,1
CHEMBL1201373,CC[C@H](C)C(=O)O[C@H]1C[C@@H](C)C=C2C=C[C@H](C)[C@H](CC[C@@H](O)C[C@@H](O)CC(=O)O)[C@H]21,5.397940009,0
CHEMBL1201391,CCC(C)(C)C(=O)O[C@H]1C[C@@H](C)C=C2C=C[C@H](C)[C@H](CC[C@@H](O)C[C@@H](O)CC(=O)O)[C@H]21,5.443697499,0
CHEMBL1293,CC1=C(/C=C/C(C)=C/C=C/C(C)=C/C=C/C=C(C)/C=C/C=C(C)/C=C/C2=C(C)CCCC2(C)C)C(C)(C)CCC1,6.20999648,1
CHEMBL1314749,CC(C)CCCC1(C)C=Cc2c(O)c3c(c(CCC(C)C)c2O1)OC12C(CC4CC1C(C)(C)OC2(CCC(C)C(=O)O)C4O)C3=O,5.94000137,1
CHEMBL1328088,COC(=O)c1c(C)c2c(c(C)c1O)OC(=O)c1c(C)c(Cl)c(O)c(Cl)c1O2,6.84001195,1
CHEMBL1410,CCCCCCCCCc1ccc(OCCOCCOCCOCCOCCOCCOCCOCCOCCO)cc1,5.459999813,0
CHEMBL1436860,COC(=O)/C(C)=C\CC12OC(C)(C)C3CC(C=C4C(=O)c5c(OC)c6c(c(CC=C(C)C)c5OC431)OC(C)(CCC=C(C)C)C=C6)C2=O,5.639999555,1
CHEMBL1456870,CC(C)=CCCC1(C)C=Cc2c(O)c3c(c(CC=C(C)C)c2O1)OC12C(=CCCC1C(C)(C)O[C@@]2(C/C=C(\C)C(=O)O)C(=O)O)C3=O,5.929999096,1
CHEMBL1487,CC(C)c1c(C(=O)Nc2ccccc2)c(-c2ccccc2)c(-c2ccc(F)cc2)n1CC[C@@H](O)C[C@@H](O)CC(=O)O,6,1
CHEMBL1491099,COC(=O)c1c(OC)cc2c(c1C)Oc1c(Cl)c(O)c(Cl)c(C)c1C(=O)O2,6.989997026,1
CHEMBL15177,CN(C)C(=O)CCSC(SCCC(=O)O)c1cccc(/C=C/c2ccc3ccc(Cl)cc3n2)c1,5.356547324,0
CHEMBL1526240,CC(C)=CCCC1(C)C=Cc2c(O)c3c(c(CC=C(C)C)c2O1)OC12C(=CC4CC1C(C)(C)OC2(C/C=C(/C)C(=O)O)C4O)C3=O,5.650000221,1
CHEMBL15594,CCCCC/C=C\C/C=C\C/C=C\C/C=C\CCCC(=O)O,6.219999702,1
CHEMBL159,CC[C@]1(O)C[C@@H]2CN(CCc3c([nH]c4ccccc34)[C@@](C(=O)OC)(c3cc4c(cc3OC)N(C)[C@H]3[C@@](O)(C(=O)OC)[C@H](OC(C)=O)[C@]5(CC)C=CCN6CC[C@]43[C@@H]65)C2)C1,4.329754147,0
CHEMBL159548,O=C(O[C@@H]1Cc2c(O)cc(O)cc2O[C@@H]1c1cc(O)c(O)c(O)c1-c1c([C@H]2Oc3cc(O)cc(O)c3C[C@H]2O)cc(O)c(O)c1O)c1cc(O)c(O)c(O)c1,5.430000268,0
CHEMBL160,C/C=C/C[C@@H](C)[C@@H](O)[C@H]1C(=O)N[C@@H](CC)C(=O)N(C)CC(=O)N(C)[C@@H](CC(C)C)C(=O)N[C@@H](C(C)C)C(=O)N(C)[C@@H](CC(C)C)C(=O)N[C@@H](C)C(=O)N[C@H](C)C(=O)N(C)[C@@H](CC(C)C)C(=O)N(C)[C@@H](CC(C)C)C(=O)N(C)[C@@H](C(C)C)C(=O)N1C,6.022276395,1
CHEMBL1603825,COc1c(CC=C(C)C)c2c(c3oc(=O)c(-c4ccc(O)cc4)c(O)c13)C=CC(C)(C)O2,5.969999718,1
CHEMBL163,CC(C)c1nc(CN(C)C(=O)N[C@H](C(=O)N[C@@H](Cc2ccccc2)C[C@H](O)[C@H](Cc2ccccc2)NC(=O)OCc2cncs2)C(C)C)cs1,5.698970004,1
CHEMBL1651956,C/C=C/C[C@@H](C)[C@@H](O)[C@H]1C(=O)N[C@@H](CC)C(=O)N(C)[C@H](C)C(=O)N(CC)[C@@H](C(C)C)C(=O)N[C@@H](C(C)C)C(=O)N(C)[C@@H](CC(C)C)C(=O)N[C@@H](C)C(=O)N[C@H](C)C(=O)N(C)[C@@H](CC(C)C)C(=O)N(C)[C@@H](CC(C)C)C(=O)N(C)[C@@H](C(C)C)C(=O)N1C,6.30980392,1
CHEMBL169,C[C@H]1[C@H](C)CC[C@]2(C(=O)O)CC[C@]3(C)C(=CC[C@@H]4[C@@]5(C)CC[C@H](O)C(C)(C)[C@@H]5CC[C@]43C)[C@H]12,4.800000053,0
CHEMBL1741,CC[C@H]1OC(=O)[C@H](C)[C@@H](O[C@H]2C[C@@](C)(OC)[C@@H](O)[C@H](C)O2)[C@H](C)[C@@H](O[C@@H]2O[C@H](C)C[C@H](N(C)C)[C@H]2O)[C@](C)(OC)C[C@@H](C)C(=O)[C@H](C)[C@@H](O)[C@]1(C)O,5.509999358,0
CHEMBL1751,C[C@H]1O[C@@H](O[C@H]2[C@@H](O)C[C@H](O[C@H]3[C@@H](O)C[C@H](O[C@H]4CC[C@@]5(C)[C@H](CC[C@@H]6[C@@H]5C[C@@H](O)[C@]5(C)[C@@H](C7=CC(=O)OC7)CC[C@]65O)C4)O[C@@H]3C)O[C@@H]2C)C[C@H](O)[C@@H]1O,5.48999954,0
CHEMBL1829174,Cc1cc(OCCCS(C)(=O)=O)cc(C)c1-c1cccc(COc2ccc3c(c2)OC[C@H]3CC(=O)O)c1,5.642065153,1
CHEMBL191,CCCCc1nc(Cl)c(CO)n1Cc1ccc(-c2ccccc2-c2nnn[nH]2)cc1,6.540004744,1
CHEMBL1916282,Cc1ccc(S(=O)(=O)Nc2c(C(=O)N[C@@H](C)C(C)(C)C)c(C)nn2-c2ccccc2)cc1,5.100000128,0
CHEMBL2018969,COc1cccc2c1c(NS(=O)(=O)c1ccc(Cl)s1)nn2Cc1cccc(CNC(=O)C(C)(C)O)c1,6.399996913,1
CHEMBL210868,O=C1C=CC(=C(c2ccc(O)cc2)c2ccc(O)cc2)C=C1,5.579999668,0
CHEMBL2269376,C=C1[C@@H]2CC[C@@]3(C)[C@H](c4ccoc4)OC(=O)C[C@]13O[C@H]1CC(=O)C(C)(C)[C@H](C(OC(C)=O)C(=O)OC)[C@]12C,5.839999931,1
CHEMBL228281,Cc1cc(O)c(C=O)c2c1C(=O)Oc1c(C)c(O)c3c(c1O2)C(O)OC3=O,5.94000137,1
CHEMBL230006,CC1(C)[C@@H](O)CC[C@]2(C)[C@H]3C(=O)C=C4[C@@H]5C[C@@](C)(C(=O)O)CC[C@]5(C)CC[C@@]4(C)[C@]3(C)CC[C@@H]12,6.279997898,1
CHEMBL2369947,CC(C)[C@@H]1NC(=O)[C@@H](Cc2ccccc2)NC(=O)[C@H](Cc2ccccc2)NC(=O)[C@@H]2CCCN2C(=O)[C@@H]2CCCN2C(=O)[C@H](Cc2ccccc2)NC(=O)[C@@H](Cc2ccccc2)NC(=O)[C@H](C)NC(=O)[C@@H]2CCCN2C(=O)[C@@H]2CCCN2C1=O,6,1
CHEMBL269732,C=CC[C@@H]1/C=C(\C)C[C@H](C)C[C@H](OC)[C@H]2O[C@@](O)(C(=O)C(=O)N3CCCC[C@H]3C(=O)O[C@H](/C(C)=C/[C@@H]3CC[C@@H](O)[C@H](OC)C3)[C@H](C)[C@@H](O)CC1=O)[C@H](C)C[C@@H]2OC,5.431798276,0
CHEMBL3039035,N[C@@H](C(=O)O)[C@@H](O)[C@H](O)[C@H](O)CO,4.929999835,0
CHEMBL3039293,COC(=O)C[C@H]1C2(C)CC34OC5(C)O[C@@]6([C@H](OC)C(OC(=O)C(C)C)[C@]7(C)C(/C(=C(/OC)C(C)C)C(=O)O[C@H]7c7ccoc7)[C@@]6(O5)[C@H](OC)[C@@]3(OC)C2OC(C)=O)[C@]14C,6.119998612,1
CHEMBL3039300,CCC(C)C(=O)O[C@@H]1C[C@@]2(C)[C@H](c3ccoc3)OC(=O)CC23OC2(C)O[C@]14[C@]1(C)[C@@H](CC(=O)OC)C5(C)CC1(O)[C@](O)(C5OC(=O)C1(C)OC1C)[C@@H](OC(C)=O)[C@]34O2,6.170001911,1
CHEMBL3039411,COC(=O)C[C@H]1C2(C)CC34OC5(C)O[C@@]6([C@H](OC(C)=O)C(OC(C)=O)[C@]7(C)C(/C(=C(/O)C(C)C)C(=O)O[C@H]7c7ccoc7)[C@@]6(O5)[C@H](OC(C)=O)[C@@]3(O)C2OC(=O)C(C)C)[C@]14C,6.160000609,1
CHEMBL3039417,CC(=O)O[C@@H]1C[C@@]2(C)[C@H](c3ccoc3)C[C@H]3O[C@]32[C@]2(C)C(=O)C(O)=C3C(C)(C)C(=O)C=C[C@]3(C)C12,5.520000247,0
CHEMBL3039433,CC(=O)Oc1c2c(c(CC=C(C)C)c3c1C(=O)C1=C[C@@H]4CC5C(C)(C)OC(C/C=C(\C)C(=O)O)(C4=O)[C@@]15O3)OC(C)(CCC=C(C)C)C=C2,5.390000296,0
CHEMBL3085392,C=C1[C@@H]([C@@]2(C)[C@@H](OC(C)=O)CC(=O)O[C@](C)(COC(C)=O)[C@@H]2C(=O)OC)[C@@H](OC=O)[C@H](OC(=O)[C@H](O)[C@H](C)CC)[C@@]2(C)[C@H](c3ccoc3)CC(=O)[C@]12O,5.629999781,1
CHEMBL3137741,CC(C)=CCC[C@]1(C)C=Cc2c(O)c3c(c(CC=C(C)C)c2O1)O[C@]12C(C[C@@H]4C[C@H]1C(C)(C)O[C@@]2(C/C=C(/C)C(=O)O)C4O)C3=O,5.700000504,1
CHEMBL3138652,CC1(C)[C@@H](O)C=C[C@]2(C)[C@H]3CC[C@@]4(C)[C@H](c5ccoc5)OC(=O)[C@H]5O[C@]54[C@]3(C)C(=O)C[C@@H]12,5.620000528,0
CHEMBL3138658,C[C@@H]1O[C@H](O[C@@H]2[C@@H](O)[C@H](O[C@@H]3[C@@H](O)[C@@H](O)[C@@H](O[C@H]4[C@@H](OC(=O)[C@]56CCC(C)(C)C[C@@H]5C5=CC[C@@H]7[C@@]8(C)CC[C@H](O[C@@H]9O[C@H](CO)[C@@H](O)[C@H](O)[C@H]9O)C(C)(C)[C@@H]8CC[C@@]7(C)[C@]5(C)C[C@H]6O)OC[C@@H](O)[C@@H]4O)O[C@H]3C)OC[C@H]2O)[C@H](O)[C@H](O)[C@H]1O,5.480000159,0
CHEMBL3138660,C=C1[C@@H]2CC[C@@]3(C)[C@H](c4ccoc4)OC(=O)C[C@]13O[C@H]1C[C@H](OC(C)=O)C(C)(C)[C@H](CC(=O)OC)[C@]12C,6.030002001,1
CHEMBL3138664,CC1(C)C(=O)CC[C@]2(C)[C@@H]1C[C@@H](O)[C@]1(C)C3=CC(=O)O[C@H](c4ccoc4)[C@@]3(C)CC[C@@H]21,5.200000237,0
CHEMBL3138676,CC(=O)O[C@@H]1C[C@H]2C(C)(C)C(=O)CC[C@]2(C)[C@H]2CC[C@]3(C)C(=CC(=O)O[C@H]3c3ccoc3)[C@@]21C,5.450000476,0
CHEMBL3138678,CC(=O)O[C@H]1C[C@@H](OC(C)=O)C(C)(C)[C@@H]2C[C@@H](OC(C)=O)[C@]3(C)[C@H]([C@H](OC(C)=O)C[C@@]4(C)[C@H](c5ccoc5)OC(=O)[C@H]5O[C@@]534)[C@@]12C,6.06000179,1
CHEMBL3138689,CC(=O)O[C@@H]1CC[C@]2(C)[C@H](C[C@@H](OC(C)=O)[C@]3(C)C4=CC(=O)O[C@H](c5ccoc5)[C@@]4(C)CC[C@@H]23)C1(C)C,6.090000276,1
CHEMBL3138694,CC1(C)C(=O)[C@@H]2O[C@@H]2[C@]2(C)[C@H]3CC[C@@]4(C)[C@H](c5ccoc5)OC(=O)[C@H]5O[C@]54[C@]3(C)[C@H](O)C[C@@H]12,5.800000875,1
CHEMBL3138701,CC(=O)O[C@@H]1C[C@@H]2C(C)(C)[C@H](O)C=C[C@@]2(C)[C@@H]2CC[C@@]3(C)C(=CC(=O)O[C@@H]3c3ccoc3)[C@@]12C,5.660000322,1
CHEMBL3138711,CC(=O)O[C@@H]1C[C@@H]2C(C)(C)C(=O)C=C[C@@]2(C)[C@@H]2CC[C@@]3(C)C(=CC(=O)O[C@@H]3c3ccoc3)[C@@]12C,5.820000358,1
CHEMBL3138712,CC(=O)O[C@H]1C[C@@H](OC(C)=O)C(C)(C)[C@@H]2C[C@@H](O)[C@@]3(C)[C@H](CC[C@]4(C)[C@@H](c5ccoc5)OC(=O)[C@H]5O[C@@]534)[C@@]12C,6.009998765,1
CHEMBL333687,CC(C)c1c(C(=O)Nc2ccccc2)c(-c2ccccc2)c(-c2ccc(F)cc2)n1CC[C@@H]1C[C@@H](O)CC(=O)O1,5.585026652,0
CHEMBL3344493,C/C=C/C[C@@H](C)[C@@H](O)[C@H]1C(=O)N[C@@H](CC)C(=O)N(C)[C@H](C)C(=O)N(C)[C@@H]([C@H](C)CC#N)C(=O)N[C@@H](C(C)C)C(=O)N(C)[C@@H](CC(C)C)C(=O)N[C@@H](C)C(=O)N[C@H](C)C(=O)N(C)[C@@H](CC(C)C)C(=O)N(C)[C@@H](CC(C)C)C(=O)N(C)[C@@H](C(C)C)C(=O)N1C,6,1
CHEMBL3344494,C/C=C/C[C@@H](C)[C@@H](O)[C@H]1C(=O)N[C@@H](CC)C(=O)N(C)[C@H](C)C(=O)N(C)[C@@H]([C@H](C)COC)C(=O)N[C@@H](C(C)C)C(=O)N(C)[C@@H](CC(C)C)C(=O)N[C@@H](C)C(=O)N[C@H](C)C(=O)N(C)[C@@H](CC(C)C)C(=O)N(C)[C@@H](CC(C)C)C(=O)N(C)[C@@H](C(C)C)C(=O)N1C,5.552841969,0
CHEMBL3344495,C/C=C/C[C@@H](C)[C@@H](O)[C@H]1C(=O)N[C@@H](CC)C(=O)N(C)[C@H](C)C(=O)N(C)[C@@H]([C@H](C)CN2CCOCC2)C(=O)N[C@@H](C(C)C)C(=O)N(C)[C@@H](CC(C)C)C(=O)N[C@@H](C)C(=O)N[C@H](C)C(=O)N(C)[C@@H](CC(C)C)C(=O)N(C)[C@@H](CC(C)C)C(=O)N(C)[C@@H](C(C)C)C(=O)N1C,5.366531544,0
CHEMBL3344496,C/C=C/C[C@@H](C)[C@@H](O)[C@H]1C(=O)N[C@@H](CC)C(=O)N(C)[C@H](C)C(=O)N(C)[C@@H]([C@H](C)CN2CCCOCC2)C(=O)N[C@@H](C(C)C)C(=O)N(C)[C@@H](CC(C)C)C(=O)N[C@@H](C)C(=O)N[C@H](C)C(=O)N(C)[C@@H](CC(C)C)C(=O)N(C)[C@@H](CC(C)C)C(=O)N(C)[C@@H](C(C)C)C(=O)N1C,5.744727495,1
CHEMBL3344497,C/C=C/C[C@@H](C)[C@@H](O)[C@H]1C(=O)N[C@@H](CC)C(=O)N(C)[C@H](C)C(=O)N(C)[C@@H]([C@H](C)CN2CCC(F)(F)C2)C(=O)N[C@@H](C(C)C)C(=O)N(C)[C@@H](CC(C)C)C(=O)N[C@@H](C)C(=O)N[C@H](C)C(=O)N(C)[C@@H](CC(C)C)C(=O)N(C)[C@@H](CC(C)C)C(=O)N(C)[C@@H](C(C)C)C(=O)N1C,5.853871964,1
CHEMBL3344498,C/C=C/C[C@@H](C)[C@@H](O)[C@H]1C(=O)N[C@@H](CC)C(=O)N(C)[C@H](C)C(=O)N(C)[C@@H]([C@H](C)CN2CC3CCC(C2)O3)C(=O)N[C@@H](C(C)C)C(=O)N(C)[C@@H](CC(C)C)C(=O)N[C@@H](C)C(=O)N[C@H](C)C(=O)N(C)[C@@H](CC(C)C)C(=O)N(C)[C@@H](CC(C)C)C(=O)N(C)[C@@H](C(C)C)C(=O)N1C,5.744727495,1
CHEMBL3344499,C/C=C/C[C@@H](C)[C@@H](O)[C@H]1C(=O)N[C@@H](CC)C(=O)N(C)[C@H](C)C(=O)N(C)[C@@H]([C@H](C)CN2CCC(C#N)CC2)C(=O)N[C@@H](C(C)C)C(=O)N(C)[C@@H](CC(C)C)C(=O)N[C@@H](C)C(=O)N[C@H](C)C(=O)N(C)[C@@H](CC(C)C)C(=O)N(C)[C@@H](CC(C)C)C(=O)N(C)[C@@H](C(C)C)C(=O)N1C,5.721246399,1
CHEMBL3344500,C/C=C/C[C@@H](C)[C@@H](O)[C@H]1C(=O)N[C@@H](CC)C(=O)N(C)[C@H](C)C(=O)N(C)[C@@H]([C@H](C)CN(C)CCOC)C(=O)N[C@@H](C(C)C)C(=O)N(C)[C@@H](CC(C)C)C(=O)N[C@@H](C)C(=O)N[C@H](C)C(=O)N(C)[C@@H](CC(C)C)C(=O)N(C)[C@@H](CC(C)C)C(=O)N(C)[C@@H](C(C)C)C(=O)N1C,5.698970004,1
CHEMBL3344501,C/C=C/C[C@@H](C)[C@@H](O)[C@H]1C(=O)N[C@@H](CC)C(=O)N(C)[C@H](C)C(=O)N(C)[C@@H]([C@@H](C)CN2CCN(CCOC)CC2)C(=O)N[C@@H](C(C)C)C(=O)N(C)[C@@H](CC(C)C)C(=O)N[C@@H](C)C(=O)N[C@H](C)C(=O)N(C)[C@@H](CC(C)C)C(=O)N(C)[C@@H](CC(C)C)C(=O)N(C)[C@@H](C(C)C)C(=O)N1C,5.437707136,0
CHEMBL3344502,C/C=C/C[C@@H](C)[C@@H](O)[C@H]1C(=O)N[C@@H](CC)C(=O)N(C)[C@H](C)C(=O)N(C)[C@@H]([C@H](C)CCN2CCOCC2)C(=O)N[C@@H](C(C)C)C(=O)N(C)[C@@H](CC(C)C)C(=O)N[C@@H](C)C(=O)N[C@H](C)C(=O)N(C)[C@@H](CC(C)C)C(=O)N(C)[C@@H](CC(C)C)C(=O)N(C)[C@@H](C(C)C)C(=O)N1C,5.408935393,0
CHEMBL3344503,C/C=C/C[C@@H](C)[C@@H](O)[C@H]1C(=O)N[C@@H](CC)C(=O)N(C)[C@H](C)C(=O)N(C)[C@@H]([C@H](C)COCCN2CCOCC2)C(=O)N[C@@H](C(C)C)C(=O)N(C)[C@@H](CC(C)C)C(=O)N[C@@H](C)C(=O)N[C@H](C)C(=O)N(C)[C@@H](CC(C)C)C(=O)N(C)[C@@H](CC(C)C)C(=O)N(C)[C@@H](C(C)C)C(=O)N1C,5.193820026,0
CHEMBL343002,CCOc1ccc(-c2nc3cc(-c4nc5cc(N6CCN(C)CC6)ccc5[nH]4)ccc3[nH]2)cc1,4.721246399,0
CHEMBL36327,O=C(O[C@@H]1Cc2c(O)cc(O)cc2O[C@@H]1c1ccc(O)c(O)c1)c1cc(O)c(O)c(O)c1,5.420000453,0
CHEMBL3704745,C/C=C/CC(C)C(O)C1C(=O)NC(CC)C(=O)N(C)C(C)C(=O)N(CC)C(C(C)C)C(=O)NC(C(C)C)C(=O)N(C)C(CC(C)C)C(=O)NC(C)C(=O)NC(C)C(=O)N(C)C(CC(C)C)C(=O)N(C)C(CC(C)C)C(=O)N(C)C(C(C)C)C(=O)N1C,6.346787486,1
CHEMBL3704747,CC(=O)CC[C@H]1C(=O)N[C@@H](C(C)C)C(=O)N[C@@H](Cc2cc(O)cc(F)c2)C(=O)N2CCCC(N2)C(=O)O[C@H](/C(C)=C/C=C/C(=O)N2CCCCO2)C/C=C/C=C/[C@H](O)[C@H](C)[C@H]1O,5.366531544,0
CHEMBL374478,CO[C@H]1/C=C/O[C@@]2(C)Oc3c(C)c(O)c4c(O)c(c(/C=N/N5CCN(C)CC5)c(O)c4c3C2=O)NC(=O)/C(C)=C\C=C\[C@H](C)[C@H](O)[C@@H](C)[C@@H](O)[C@@H](C)[C@H](OC(C)=O)[C@@H]1C,5.823908741,1
CHEMBL3775889,Cc1ccsc1CNc1cnccc1C(=O)O,5.096910013,0
CHEMBL3819587,COc1cc([C@@H](CC(=O)O)c2ccc(C)c(CN3C[C@@H](C)Oc4ccccc4S3(=O)=O)c2)cc2nnn(C)c12,5.602059991,0
CHEMBL386389,C/C=C/CC(C)C(O)C1C(=O)NC(CC)C(=O)N(C)CC(=O)N(C)C(CC(C)C)C(=O)NC(C(C)C)C(=O)N(C)C(CC(C)C)C(=O)NC(C)C(=O)NC(C)C(=O)N(C)C(CC(C)C)C(=O)N(C)C(CC(C)C)C(=O)N(C)C(C(C)C)C(=O)N1C,6.070581074,1
CHEMBL4060134,Cn1cnc(C(=O)N2CCN(C(=O)c3ccc(Nc4nc5ccccc5n5nnnc45)cc3)CC2)c1,4.399999968,0
CHEMBL4112930,C[C@]12CCCN1CC1=NNC(=O)c3cc(F)cc4[nH]c2c1c34,4.71219827,0
CHEMBL413,CO[C@H]1C[C@@H]2CC[C@@H](C)[C@@](O)(O2)C(=O)C(=O)N2CCCC[C@H]2C(=O)O[C@H]([C@H](C)C[C@@H]2CC[C@@H](O)[C@H](OC)C2)CC(=O)[C@H](C)/C=C(\C)[C@@H](O)[C@@H](OC)C(=O)[C@H](C)C[C@H](C)/C=C/C=C/C=C/1C,5.958607315,1
CHEMBL4209316,CNc1nc(Nc2ccc(-n3cnc(C)n3)c(OC)c2)nc2c1CC[C@H]2c1ccc(F)cc1,7.180456064,1
CHEMBL421,O=C(O)c1cc(/N=N/c2ccc(S(=O)(=O)Nc3ccccn3)cc2)ccc1O,6.251811973,1
CHEMBL428647,CC(=O)O[C@H]1C(=O)[C@@]2(C)[C@H]([C@H](OC(=O)c3ccccc3)[C@]3(O)C[C@H](OC(=O)[C@H](O)[C@@H](NC(=O)c4ccccc4)c4ccccc4)C(C)=C1C3(C)C)[C@]1(OC(C)=O)CO[C@@H]1C[C@@H]2O,6.552841969,1
CHEMBL4297270,Cc1noc(-c2ccc(-c3ccc(C4(C(=O)O)CC4)cc3)cc2)c1NC(=O)O[C@H](C)c1ccccc1,6.769551079,1
CHEMBL431701,COc1cc([C@H]2Oc3cc([C@H]4Oc5cc(O)cc(O)c5C(=O)[C@@H]4O)ccc3O[C@@H]2CO)ccc1O,5.013228266,0
CHEMBL434864,O=C(O[C@@H]1Cc2c(O)cc(O)cc2O[C@@H]1c1cc(O)c(=O)c2c(O)c(O)cc([C@H]3Oc4cc(O)cc(O)c4C[C@H]3OC(=O)c3cc(O)c(O)c(O)c3)c2c1)c1cc(O)c(O)c(O)c1,5.559999796,0
CHEMBL437765,CO[C@H]1/C=C/O[C@@]2(C)Oc3c(C)c(O)c4c(O)c(cc(O)c4c3C2=O)NC(=O)/C(C)=C\C=C\[C@H](C)[C@H](O)[C@@H](C)[C@@H](O)[C@@H](C)[C@H](OC(C)=O)[C@@H]1C,6.638272164,1
CHEMBL44,O=c1c(-c2ccc(O)cc2)coc2cc(O)cc(O)c12,5.039999924,0
CHEMBL4448579,COCCN1CCN(c2ccc(OCc3ccccc3)c(C(=O)Nc3ccnnc3)c2)CC1,4.399999968,0
CHEMBL4457557,NC(=O)c1ccc(Cc2ccccc2)cc1-c1cccc(CCC(=O)O)c1,5.698970004,1
CHEMBL4457647,O=C(Nc1ccnnc1)c1cc(N2CCOCC2)ccc1OCc1ccccc1,4.800000053,0
CHEMBL4474619,Cc1cc(-c2ccc(C(=O)[C@@H]3CCCC[C@H]3C(=O)Nc3cnn(C)c3S(N)(=O)=O)cc2)n[nH]1,5.602059991,0
CHEMBL4542281,Cc1cc(-c2ccc(C(=O)[C@@H]3CCCC[C@H]3C(=O)Nc3cnn4c3C(=O)NCC4)cc2)n[nH]1,5.638272164,1
CHEMBL4563459,Cc1cc(-c2ccc(C(=O)[C@@H]3CCCC[C@H]3C(=O)Nc3cnn(C)c3C(=O)NOC(C)(C)C)cc2)[nH]n1,5.853871964,1
CHEMBL4567446,COc1cc(C(=O)N2CCC3(CC2)CC(=O)c2c(cnn2C(C)C)C3)cc(-c2ccc(C(=O)O)cc2)n1,4.931814138,0
CHEMBL457,Cc1ccc(C)c(OCCCC(C)(C)C(=O)O)c1,4.339433795,0
CHEMBL4573938,COc1ccc(-c2c(Nc3ccccn3)[nH]c3c(C4=CCCCC4)c(-c4ccccc4)nn3c2=O)cc1,5.677780705,1
CHEMBL4639128,COCc1nc2cnc3cc(-c4c(C)noc4C)c(OC[C@H]4CCNC4)cc3c2n1[C@H](C)c1ccccc1,4.399999968,0
CHEMBL464958,CC(=O)O[C@@H]1C[C@H]2C(C)(C)[C@@H](O)CC[C@]2(C)[C@H]2CC[C@@]3(C)[C@H](c4ccoc4)OC(=O)[C@H]4O[C@]43[C@@]21C,5.770000934,1
CHEMBL472,COc1ccc(Cl)cc1C(=O)NCCc1ccc(S(=O)(=O)NC(=O)NC2CCCCC2)cc1,5.086186148,0
CHEMBL4781848,CC[C@@H]1NC(=O)[C@H]([C@@H]2O[C@@H](Sc3cccc(OCc4ccccc4)c3)C[C@H]2C)N(C)C(=O)[C@H](C(C)C)N(C)C(=O)[C@H](CC(C)C)N(C)C(=O)[C@H](CC(C)C)N(C)C(=O)[C@@H](C)NC(=O)[C@H](C)NC(=O)[C@H](CC(C)C)N(C)C(=O)[C@H](C(C)C)NC(=O)[C@H](CC(C)C)N(C)C(=O)CN(C)C1=O,5.643974143,1
CHEMBL4794465,CNc1nc(Nc2ccc(-n3cnc(Cl)c3)c(OC)c2)nc2c1CC[C@H]2c1ccccc1,6.161150909,1
CHEMBL4794578,CCOc1nc(Nc2ccc(C(=O)N3CCOCC3)cc2OC)nc2[nH]ccc12,4.900000142,0
CHEMBL4802105,COc1cc(C2Oc3c(O)cc([C@H]4Oc5cc(O)cc(O)c5C(=O)[C@@H]4O)cc3C2CO)ccc1O,5.045757491,0
CHEMBL4848777,COc1ccc(CCC(=O)O)cc1-c1ccc(C(F)(F)F)cc1[C@@H]1CC[C@H]2[C@@H](c3cc(C(F)(F)F)cc(C(F)(F)F)c3)OC(=O)N12,5.698970004,1
CHEMBL486193,CC(=O)OC/C=C(C)/C=C/C=C(C)/C=C/C1=C(C)CCCC1(C)C,5.650000221,1
CHEMBL486400,CC1(C)CC[C@]2(C(=O)O)CC[C@]3(C)C(=CC[C@@H]4[C@@]5(C)CC[C@H](O)[C@@](C)(CO)[C@@H]5CC[C@]43C)[C@@H]2C1,5.420000453,0
CHEMBL501680,C=CC1=C(C)/C(=C/c2[nH]c(Cc3[nH]c(/C=C4\NC(=O)C(C)=C4C=C)c(C)c3CCC(=O)O)c(CCC(=O)O)c2C)NC1=O,5.879998926,1
CHEMBL503,CC[C@H](C)C(=O)O[C@H]1C[C@@H](C)C=C2C=C[C@H](C)[C@H](CC[C@@H]3C[C@@H](O)CC(=O)O3)[C@H]21,4.552841969,0
CHEMBL504794,C/C=C(\C)C(=O)O[C@H]1[C@H](OC(C)=O)[C@@]2(CO)C(CC1(C)C)C1=CC[C@@H]3[C@@]4(C)CC[C@H](O[C@@H]5O[C@H](C(=O)O)[C@@H](O[C@@H]6O[C@H](CO)[C@@H](O)[C@H](O)[C@H]6O)[C@H](O)[C@H]5O[C@@H]5O[C@H](CO)[C@@H](O)[C@H](O)[C@H]5O)[C@H](CO)C4CC[C@@]3(C)[C@@]1(C)C[C@H]2O,5.849999245,1
CHEMBL506247,O=C(OC[C@H]1O[C@@H](OC(=O)c2cc(O)c(O)c(OC(=O)c3cc(O)c(O)c(O)c3)c2)[C@H](OC(=O)c2cc(O)c(O)c(OC(=O)c3cc(O)c(O)c(O)c3)c2)[C@@H](OC(=O)c2cc(O)c(O)c(OC(=O)c3cc(O)c(O)c(O)c3)c2)[C@@H]1OC(=O)c1cc(O)c(O)c(OC(=O)c2cc(O)c(O)c(O)c2)c1)c1cc(O)c(O)c(OC(=O)c2cc(O)c(O)c(O)c2)c1,5.579999668,0
CHEMBL5070166,Cc1noc(-c2ccc(O[C@H]3CCC[C@H](C(=O)O)C3)nn2)c1COC(=O)N(C)C1CCCC1,4.450996738,0
CHEMBL5070789,CCCCN(C)C(=O)OCc1c(C)noc1-c1ccc(O[C@H]2CCC[C@H](C(=O)O)C2)cn1,5.628932138,1
CHEMBL5072201,Cc1nc(-c2nnn(C)c2COC(=O)N(C)CC2CCC2)ccc1O[C@H]1CCC[C@H](C(=O)O)C1,5.823908741,1
CHEMBL5077187,Cc1nc(C)c([C@H](OC(C)(C)C)C(=O)O)c(N2CCC(C)(C)CC2)c1-c1ccc(OCCc2ccc(C#N)cc2)cc1,7,1
CHEMBL5083511,CN(C(=O)OCc1c(-c2ccc(O[C@H]3CCC[C@H](C(=O)O)C3)cc2)nnn1C)C1CCCC1,4.906578315,0
CHEMBL5085115,Cc1nc(-c2nnn(C)c2COC(=O)N(C)CC2CCC2)cnc1O[C@H]1CCC[C@H](C(=O)O)C1,5.508638306,0
CHEMBL5085260,Cc1noc(-c2ccc(O[C@H]3CCC[C@H](C(=O)O)C3)cc2)c1COC(=O)N(C)C1CCCC1,6.22184875,1
CHEMBL5087506,CCCN(C)C(=O)OCc1c(-c2ccc(O[C@H]3CCC[C@H](C(=O)O)C3)c(C)n2)nnn1C,4.443697499,0
CHEMBL5092698,CN(C(=O)OCc1c(-c2ccc(O[C@H]3CCC[C@H](C(=O)O)C3)cn2)nnn1C)C1CCCC1,5.036212173,0
CHEMBL51483,Cc1cc2c(C(C)C)c(O)c(O)c(C=O)c2c(O)c1-c1c(C)cc2c(C(C)C)c(O)c(O)c(C=O)c2c1O,5.48999954,0
CHEMBL53463,COc1cccc2c1C(=O)c1c(O)c3c(c(O)c1C2=O)C[C@@](O)(C(=O)CO)C[C@@H]3O[C@H]1C[C@H](N)[C@H](O)[C@H](C)O1,3.795880017,0
CHEMBL551842,CCCCCc1c2c(cc(O)c1C(=O)O)OC(=O)c1c(cc(OC)cc1C(=O)CCCC)O2,6.139997578,1
CHEMBL553,C#Cc1cccc(Nc2ncnc3cc(OCCOC)c(OCCOC)cc23)c1,4.677780705,0
CHEMBL592675,COc1cc([C@@H]2Oc3cc([C@H]4Oc5cc(O)cc(O)c5C(=O)[C@@H]4O)ccc3O[C@H]2CO)ccc1O,5.070581074,0
CHEMBL6,COc1ccc2c(c1)c(CC(=O)O)c(C)n2C(=O)c1ccc(Cl)cc1,4.920818754,0
CHEMBL601891,CC(=O)O[C@H]1CC[C@]2(C)[C@H]3C(=O)C=C4[C@@H]5[C@@H](C)[C@H](C)CC[C@]5(C(=O)O)CC[C@@]4(C)[C@]3(C)CC[C@H]2C1(C)C,4.950000176,0
CHEMBL6966,COc1ccc(CCN(C)CCCC(C#N)(c2ccc(OC)c(OC)c2)C(C)C)cc1OC,4.318758763,0
CHEMBL71893,CC(C)C1=CC2=CC[C@@H]3[C@](C)(CCC[C@@]3(C)C(=O)O)[C@H]2CC1,5.570000775,0
CHEMBL90555,CC[C@]1(O)C[C@H]2CN(CCc3c([nH]c4ccccc34)[C@@](C(=O)OC)(c3cc4c(cc3OC)N(C=O)[C@H]3[C@@](O)(C(=O)OC)[C@H](OC(C)=O)[C@]5(CC)C=CCN6CC[C@]43[C@@H]65)C2)C1,4.356547324,0
CHEMBL9509,COc1cc(C2Oc3cc([C@H]4Oc5cc(O)cc(O)c5C(=O)[C@@H]4O)ccc3OC2CO)ccc1O,5.210000001,0
